<?xml version="1.0" encoding="UTF-8"?>
<project-private xmlns="http://www.netbeans.org/ns/project-private/1">
    <editor-bookmarks xmlns="http://www.netbeans.org/ns/editor-bookmarks/2" lastBookmarkId="0"/>
    <open-files xmlns="http://www.netbeans.org/ns/projectui-open-files/2">
        <group>
            <file>file:/C:/Users/Vincent/Desktop/PGROU/netbeans/FANNJ/src/com/googlecode/fannj/Fann.java</file>
            <file>file:/C:/Users/Vincent/Desktop/PGROU/netbeans/FANNJ/test/com/googlecode/fannj/FannTrainerTest.java</file>
            <file>file:/C:/Users/Vincent/Desktop/PGROU/netbeans/FANNJ/test/com/googlecode/fannj/FannTest.java</file>
            <file>file:/C:/Users/Vincent/Desktop/PGROU/netbeans/FANNJ/src/com/googlecode/fannj/FannShortcut.java</file>
            <file>file:/C:/Users/Vincent/Desktop/PGROU/netbeans/FANNJ/src/com/googlecode/fannj/Neuron.java</file>
            <file>file:/C:/Users/Vincent/Desktop/PGROU/netbeans/FANNJ/src/com/googlecode/fannj/Trainer.java</file>
            <file>file:/C:/Users/Vincent/Desktop/PGROU/netbeans/FANNJ/src/com/googlecode/fannj/WindowsFunctionMapper.java</file>
            <file>file:/C:/Users/Vincent/Desktop/PGROU/netbeans/FANNJ/src/com/googlecode/fannj/Layer.java</file>
            <file>file:/C:/Users/Vincent/Desktop/PGROU/netbeans/FANNJ/src/com/googlecode/fannj/TrainingAlgorithm.java</file>
            <file>file:/C:/Users/Vincent/Desktop/PGROU/netbeans/FANNJ/src/com/googlecode/fannj/ActivationFunction.java</file>
            <file>file:/C:/Users/Vincent/Desktop/PGROU/netbeans/FANNJ/src/com/googlecode/fannj/FannSparse.java</file>
        </group>
    </open-files>
</project-private>
